user_id,output_block,label
1,"I want you to recommend a next interaction item from candidate video games based on the user's interaction history.
The interaction history:
- Turtle Beach Stealth 300 Amplified Surround Sound Gaming Headset for Xbox One - Xbox One (Wired)
- Call of Duty: Modern Warfare Battle Pass Edition - [Xbox One Digital Code]
- Xbox One S 1TB Console - NBA 2K20 Bundle - [DISCONTINUED]
- Corsair HS35 - Stereo Gaming Headset - Memory Foam Earcups - Works with PC, Mac, Xbox Series X/ S, Xbox One, PS5, PS4, Nintendo Switch, iOS and Android - Carbon (CA-9011195-NA)
- Corsair HS55 Surround Gaming Headset (Leatherette Memory Foam Ear Pads, Dolby Audio 7.1 Surround Sound on PC and Mac, Lightweight, Omni-Directional Microphone, Multi-Platform Compatibility) Carbon
- Zerone 3D Joystick Axis Analog Sensor Replacement Module, Replacement Analog Stick Joystick Parts for Xbox One Game Console Controller Repairing (5 Pack)

The candidate video games:
1. Dragon: The Bruce Lee Story - Sega Genesis
2. Battletanx
3. Rogue Trooper - PlayStation 2
4. Bonacell Game Racing Steering Wheel, 270/900 Degree PC Gaming Wheel with Universal USB Port and with 2-Pedal Pedals, Suitable for PC, PS3, PS4, Xbox One, Nintendo Switch
5. Vanknight JOCHUI Xbox One S Slim Console Controllers Skin Set Vinyl Sticker Skin Decals Cover
6. EarlyBirdSavings Brand New Silicone Skin Case Combo for Sony Playstation PS3 Controller Green
7. Journaling Genie Software Version 1, windows
8. BORNPLAY Thumb Grip for PS4, PS3 and Xbox Controllers – 2 Pairs
9. KIWI design Travel Case for PS5 with Controller Cover Playstation 5
10. Minecraft: New Nintendo 3DS Edition - Nintendo 3DS
11. Transporter (Grey)
12. Vanknight Vinyl Decals Skin Stickers 2 Pack for PS4 Controllers Skin
13. Joycon Joystick Replacement Repair Kit - Analog Stick Parts for Nintendo Switch Joy Con,25 PCS Repair Tool Kit for Nintendo Switch Controller
14. Wireless Adapter Fits for Xbox One/Xbox Series X/S, Usergaing Xbox Wireless Adapter Compatible with Windows 10, 8.1, 8, 7, fit for Xbox One Controller, Elite Series 2 and Xbox One X/S (Black)
15. Battleship Sony Playstation 3 PS3
16. B-17 Gunner: Air War Over Germany - PC
17. Ball Buster Collection
18. Skque Remote Controller Battery Cover for Nintendo Wii, Blue
19. INVICEQ Wireless Controller for Xbox One Game Controller Wireless Game Controller for Xbox One S/ X Video Game Controller for Xbox One Series and PC (Windows7, 8, 10) with No Audio Jack
20. BLUE ELF Replacement Lite-On DG-16D5S DVD ROM Disc Disk Drive for Xbox 360 XBOX360 Slim
21. Blasphemous Deluxe Edition - PlayStation 4
22. uxcell Ellipse Oval Joystick Head Rocker Ball Top Handle Arcade Game DIY Parts Replacement Red 2Pcs
23. HQMaster 4.5mm & 3.8mm Security Screwdriver Screw Driver for Super Nintendo 64 System N64 Bit Set Orange
24. NYI 2800mAh Xbox Battery Pack with Charger, High Capacity Xbox Rechargeable Battery Pack Compatible with Xbox One S/Xbox One X/Xbox One Elite/Xbox Series S/Xbox Series X Controller
25. Mad Catz Street Fighter V Chun-Li Arcade Fight Stick Tournament Edition 2 for PlayStation 4/3 

Although you are asked to recommnend item, I still provide the actual next interaction item to you, which is: <answer>NYI 2800mAh Xbox Battery Pack with Charger, High Capacity Xbox Rechargeable Battery Pack Compatible with Xbox One S/Xbox One X/Xbox One Elite/Xbox Series S/Xbox Series X Controller</answer>. Please provide a sequential recommendation reasoning analysis which should cover following temporal knowledge in three dimensions:

1. Interaction Sequentiality: Conduct a step-by-step analysis and decomposition of interaction history, withl focus on the chain-like influence between the interacting items.  Not only should analyze influence of past items on future choices, but also the characteristic that recent selected items better reflect current interestl intentions;  at the same time, consider sequential dynamic changes in user interests and interaction patternsl Specifically, history should be modeled as a directed chain, not a set, and divided into clear stages.  Linksl between stages are defined by how items trigger each other.  Early items set expectations that constrainl future choices, while the most recent one or two interactions carry more weight and better reflect currentl intent-sometimes even updating or replacing earlier assumptions.  When a shift happens, we identify thel trigger and the new rule it suggests, then use both the chain structure and recent behavior to predict what kind of item should come next.\n

2.  Item Attribute Transition: Analvze changes in continuous item attributes and track item evolution in interaction history.  Describe the evolving attribute space by identifying a small set of stable dimensions and how each strengthens or weakens over time.  Extract the present preference into a compact ""attribute bundle"" and state which attributes are required versus optional for the next item.  Explain how this bundle constrains and prunes the candidate list before making a choice.  Specifically, first identify the key driving attributes;  then analyze preference evolution patterns;  finally recognize attribute correlations influencing the next interaction.\n

3.  User Evolving Thought: Simulate user's inner conception and description of interaction history.  And restorel user's motivations and emotional changes during step-by-step interaction, revealing how preferences and item associations are formed.  Reconstruct the user's inner evolving thought from recent feelings to the broader journey, using concrete and observable cues to support each claim.  Identify consistent preferences and avoidances, then create a concise profile label that captures the user's core behavior pattern.  Specifically, firstly analyze the user's short-term inner state through click behavior and observe the trend of emotional evolution through long-term interaction;  then infer user's subjective tendencies and potential needs basedl on inner state;  finally construct a complete user profile and background.  Align this profile together with the temporal sequentiality and the Item attribute transition to the candidates, name exactly one best item, andl justify why it dominates across all three dimensions before concluding with a single recommendation sentence.\n 
Format your response as:
<reasoning>[your reasoning]</reasoning> 
<answer>[the number of your answer]</answer>",24
2,"I want you to recommend a next interaction item from candidate video games based on the user's interaction history.
The interaction history:
- Redragon K556 RGB LED Backlit Wired Mechanical Gaming Keyboard, 104 Keys Hot-Swap Mechanical Keyboard w/Aluminum Base, Upgraded Socket and Noise Absorbing Foams, Quiet Linear Red Switch
- Mcbazel Mayflash Magic-NS Wireless PS5 PS4 PS3 Switch Pro Controller Fighting Stick Adapter for Nintendo Switch PC NeoGeo Mini with USB to Type C OTG Cable Game Card Storage Case
- KLIM Chroma Wireless Gaming Keyboard RGB New 2023 Version - Long-Lasting Rechargeable Battery - Quick and Quiet Typing - Water Resistant Backlit Wireless Keyboard for PC PS5 PS4 Xbox One Mac - Black

The candidate video games:
1. YoRHa Water Transfer Printing Skull Silicone Cover Skin Case for Microsoft Xbox One X & Xbox One S Controller x 1(Grey) with PRO Thumb Grips x 8
2. ATV Rally
3. 2 Tone Silicone Skin Case for Nintendo Wii Remote Control & Nunchuk -Black an...
4. Clear Atomic Purple Game Boy Color Battery Door Replacement Part
5. 3.7V Battery Fits to Ninetendo DSiL, NDSiL, NDSi, C/TWL-A-BP, TWL-003, Dsi +Free Toolset
6. 2-Pack Replacement Game Mic TNE Microphone Boom for Corsair HS50 HS60 HS70 PS4 Xbox One Nintendo Switch Computer PC Mac Gaming Headsets
7. Pokemon Pikachu SKIN DECAL COVER STICKER for Nintendo DS lite
8. Vanknight Vinyl Decals Skin Sticker for the New Nintendo 3DS XL 2015
9. DLseego PS5 Controller Case Compatible with Sony Playstation 5， Newest Version Storage Bag Portable Carrying Case Hard Shell EVA Anti-Shock Protector-Black
10. Sonic & SEGA All-Stars Racing - Nintendo Wii (Renewed)
11. Outbreak: Contagious Memories - Nintendo Switch
12. Doom - Xbox One (Renewed)
13. Redragon K556 PRO Upgraded Wireless RGB Gaming Keyboard, BT/2.4Ghz Tri-Mode Aluminum Mechanical Keyboard w/No-Lag Connection, Hot-Swap Linear Quiet Red Switch
14. MLB 2005 - PlayStation
15. GameSir G3s (No Phone Bracket) Bluetooth Gamepad, Wireless Game Controller for Windows 7/8/10 PC, Android Phone, USB Wired Joystick for TV Box
16. Virtua Striker 2 (Dreamcast)
17. TBGS Full Housing Shell Case Cover Replacement for Nintendo GBA SP Gameboy Advance SP Classic Limited Edition
18. ROCCAT Tyon Black - All Action Multi-Button Gaming Mouse
19. Display Stand for the Nintendo Hylian Shield New 2DS XL
20. LucasArts Archive Series: Escape From Monkey Island - PC
21. Wireless PC Controller, PC Gaming Controller for Windows7/8/10/11/MacOS/iPhone/Android/Switch/OLED, Wireless Controller for PC with Adjustable LED Backlight, Backbone/Trigger Keys, Gamepad Joystick with 4 Customized Buttons, 3 levels of Adjustable Turbo Speed
22. Puzzle Master 4 - PC
23. PS4 Controller Accessories Back Button Attachment Controller Adapter with Custom Mapping & 4 Paddles for Professional F.P.S Gaming
24. Batman: Rise of Sin Tzu - PlayStation 2
25. Eve Online Content Pack - The Colonist [Instant Access] 

Although you are asked to recommnend item, I still provide the actual next interaction item to you, which is: <answer>Redragon K556 PRO Upgraded Wireless RGB Gaming Keyboard, BT/2.4Ghz Tri-Mode Aluminum Mechanical Keyboard w/No-Lag Connection, Hot-Swap Linear Quiet Red Switch</answer>. Please provide a sequential recommendation reasoning analysis which should cover following temporal knowledge in three dimensions:

1. Interaction Sequentiality: Conduct a step-by-step analysis and decomposition of interaction history, withl focus on the chain-like influence between the interacting items.  Not only should analyze influence of past items on future choices, but also the characteristic that recent selected items better reflect current interestl intentions;  at the same time, consider sequential dynamic changes in user interests and interaction patternsl Specifically, history should be modeled as a directed chain, not a set, and divided into clear stages.  Linksl between stages are defined by how items trigger each other.  Early items set expectations that constrainl future choices, while the most recent one or two interactions carry more weight and better reflect currentl intent-sometimes even updating or replacing earlier assumptions.  When a shift happens, we identify thel trigger and the new rule it suggests, then use both the chain structure and recent behavior to predict what kind of item should come next.\n

2.  Item Attribute Transition: Analvze changes in continuous item attributes and track item evolution in interaction history.  Describe the evolving attribute space by identifying a small set of stable dimensions and how each strengthens or weakens over time.  Extract the present preference into a compact ""attribute bundle"" and state which attributes are required versus optional for the next item.  Explain how this bundle constrains and prunes the candidate list before making a choice.  Specifically, first identify the key driving attributes;  then analyze preference evolution patterns;  finally recognize attribute correlations influencing the next interaction.\n

3.  User Evolving Thought: Simulate user's inner conception and description of interaction history.  And restorel user's motivations and emotional changes during step-by-step interaction, revealing how preferences and item associations are formed.  Reconstruct the user's inner evolving thought from recent feelings to the broader journey, using concrete and observable cues to support each claim.  Identify consistent preferences and avoidances, then create a concise profile label that captures the user's core behavior pattern.  Specifically, firstly analyze the user's short-term inner state through click behavior and observe the trend of emotional evolution through long-term interaction;  then infer user's subjective tendencies and potential needs basedl on inner state;  finally construct a complete user profile and background.  Align this profile together with the temporal sequentiality and the Item attribute transition to the candidates, name exactly one best item, andl justify why it dominates across all three dimensions before concluding with a single recommendation sentence.\n 
Format your response as:
<reasoning>[your reasoning]</reasoning> 
<answer>[the number of your answer]</answer>",13
3,"I want you to recommend a next interaction item from candidate video games based on the user's interaction history.
The interaction history:
- Titanfall 2 - SteelBook Edition - PlayStation 4
- Logitech G502 HERO High Performance Wired Gaming Mouse, HERO 25K Sensor, 25,600 DPI, RGB, Adjustable Weights, 11 Programmable Buttons, On-Board Memory, PC / Mac, Black
- Logitech G213 Prodigy Gaming Keyboard, LIGHTSYNC RGB Backlit Keys, Spill-Resistant, Customizable Keys, Dedicated Multi-Media Keys – Black

The candidate video games:
1. Nintendogs and Cats Game Skin for Nintendo 3DS Console
2. MightySkins Skin Compatible with X-Box 360 Xbox 360 S Console - Diamond Plate | Protective, Durable, and Unique Vinyl Decal wrap Cover | Easy to Apply, Remove, and Change Styles | Made in The USA
3. Ghostly Mysteries Triple Pack (PC DVD) (UK IMPORT)
4. Amazon Basics 3-Pack Stylus for Nintendo 3DS (Officially Licensed by Nintendo)
5. XCM CASE MOD 360 BLACK LIGHT (HDMI)
6. AFUNTA Gaming Headset Compatible PS4 New Xbox one PC Mac, ONIKUMA Over Ear 3.5mm Headphones with Mic Noise Isolating Deep Bass Surround for Game Camouflage
7. XCSOURCE® 2in1 Chat Pad and Headset Live Messenger Kit Keyboard Controller for XBox 360 Live PC games GA045
8. Xbox One Gaming Racing Wheel (Enhanced), 3D Printed Mini Steering Wheel add on for Xbox One X/Xbox One S/Elite Controller (Carbon Fiber)
9. 1STPLAYER Firerose RGB LED Backlit Wired Ergonomic Waterproof Mechanical Gaming Keyboard with Blue Switch CIY-Replaceable Switch-Black
10. Classic Mini Retro Game Consoles,AV Output 8-bit Video Game Built-in 620 Games with 2 Classic Controllers
11. eXtremeRate Full Set Faceplate Skin Decals Stickers and 2 Led Lightbar for Playstation 4 Slim/for PS4 Slim Console & 2 Controller Decal Covers - Galaxy Space
12. Enigmatis: The Mists of Ravenwood - Collector's Edition (PC DVD) (UK Import)
13. Wireless Controller for PS4, Game Joystick Remote for PS4 Controller, with Audio Jack, Double Vibration, Six-Axis Motion Control, Touchpad, for PS4/Slim/Pro Console
14. GameSir Mobile Game Controller G6, Mobile Gaming Touchroller, Wireless Mobile Gamepad Compatible with iPhone PUBG/Fortnite/Rules of Survival/COD Call of Duty
15. Ninja Legends PSVR (PS4)
16. EPCTEK G50 Mechanical Structure PC Gaming Mouse,Size Adjustable,4000 DPI High Precision,10 Self-Defined Macro Programming Buttons,Breathing LED Changing for Pro Game Notebook,Laptop,Macbook Computer
17. Children of Zodiarcs PlayStation 4 PS4 Limited Run Games
18. Sunnyillumine Worm Light Illumination LED Lamps for GBC GBP for Nintendo Gameboy Color Gameboy Pocket Console Warm white Light
19. WERLIKE Metroid Visor Other M Prime Samus Suit Smash Bros Video Game Vinyl Decal Skin Sticker Cover for Nintendo Switch Console System
20. The Puzzle Addict's Game Pack Vol. 2 - PC
21. CENSTEEL PS5 Skin for Playstation 5 Disk Version, PS5 Console and Controllers Skin Vinyl Sticker Decal Cover - Blue Universe
22. Brick Breaker Premium 2 [Download]
23. Agatha Christie: Dead Man's Folly [Download]
24. Redragon K585 DITI One-Handed RGB Mechanical Gaming Keyboard, Type-C Professional Gaming Keypad with 7 Onboard Macro Keys, Detachable Wrist Rest, 42 Keys (Black, Red Switch)
25. Pandaren Dockable Slim Cover PC Case Compatible with Nintendo Switch Consoles with TPU Hand Grip Case for JoyCon Protector(Black) 

Although you are asked to recommnend item, I still provide the actual next interaction item to you, which is: <answer>Redragon K585 DITI One-Handed RGB Mechanical Gaming Keyboard, Type-C Professional Gaming Keypad with 7 Onboard Macro Keys, Detachable Wrist Rest, 42 Keys (Black, Red Switch)</answer>. Please provide a sequential recommendation reasoning analysis which should cover following temporal knowledge in three dimensions:

1. Interaction Sequentiality: Conduct a step-by-step analysis and decomposition of interaction history, withl focus on the chain-like influence between the interacting items.  Not only should analyze influence of past items on future choices, but also the characteristic that recent selected items better reflect current interestl intentions;  at the same time, consider sequential dynamic changes in user interests and interaction patternsl Specifically, history should be modeled as a directed chain, not a set, and divided into clear stages.  Linksl between stages are defined by how items trigger each other.  Early items set expectations that constrainl future choices, while the most recent one or two interactions carry more weight and better reflect currentl intent-sometimes even updating or replacing earlier assumptions.  When a shift happens, we identify thel trigger and the new rule it suggests, then use both the chain structure and recent behavior to predict what kind of item should come next.\n

2.  Item Attribute Transition: Analvze changes in continuous item attributes and track item evolution in interaction history.  Describe the evolving attribute space by identifying a small set of stable dimensions and how each strengthens or weakens over time.  Extract the present preference into a compact ""attribute bundle"" and state which attributes are required versus optional for the next item.  Explain how this bundle constrains and prunes the candidate list before making a choice.  Specifically, first identify the key driving attributes;  then analyze preference evolution patterns;  finally recognize attribute correlations influencing the next interaction.\n

3.  User Evolving Thought: Simulate user's inner conception and description of interaction history.  And restorel user's motivations and emotional changes during step-by-step interaction, revealing how preferences and item associations are formed.  Reconstruct the user's inner evolving thought from recent feelings to the broader journey, using concrete and observable cues to support each claim.  Identify consistent preferences and avoidances, then create a concise profile label that captures the user's core behavior pattern.  Specifically, firstly analyze the user's short-term inner state through click behavior and observe the trend of emotional evolution through long-term interaction;  then infer user's subjective tendencies and potential needs basedl on inner state;  finally construct a complete user profile and background.  Align this profile together with the temporal sequentiality and the Item attribute transition to the candidates, name exactly one best item, andl justify why it dominates across all three dimensions before concluding with a single recommendation sentence.\n 
Format your response as:
<reasoning>[your reasoning]</reasoning> 
<answer>[the number of your answer]</answer>",24
